{"cameraMode":{"drawMode":0,"name":"Shaded","section":"Shading Mode"},"sceneLighting":true,"audioPlay":false,"sceneViewState":{"showFog":true,"showMaterialUpdate":false,"showSkybox":true,"showFlares":true,"showImageEffects":true,"showParticleSystems":true},"in2DMode":false,"pivot":{"x":-6.892608642578125,"y":-4.132285118103027,"z":21.862836837768556},"rotation":{"x":-0.20502282679080964,"y":0.6829445958137512,"z":-0.20924809575080872,"w":-0.6691544055938721},"size":17.65026092529297,"orthographic":false}