{"cameraMode":{"drawMode":0,"name":"Shaded","section":"Shading Mode"},"sceneLighting":true,"audioPlay":false,"sceneViewState":{"showFog":true,"showMaterialUpdate":false,"showSkybox":true,"showFlares":true,"showImageEffects":true,"showParticleSystems":true},"in2DMode":false,"pivot":{"x":-2.34100341796875,"y":-6.84375,"z":17.060546875},"rotation":{"x":0.18197627365589143,"y":-0.013591144233942032,"z":0.0024690451100468637,"w":0.9832728505134583},"size":19.126399993896486,"orthographic":true}